{
  "name": "icon_757",
  "description": "small petrol pump icon",
  "def_page": 31,
  "n_occurrences": 1,
  "occurrences": [
    {
      "page": 31,
      "rect": [
        402.447998046875,
        312.1940002441406,
        410.60400390625,
        322.0480041503906
      ],
      "n_paths": 10
    }
  ]
}