{
  "name": "icon_936",
  "description": "General failure warning light",
  "def_page": 52,
  "n_occurrences": 2,
  "occurrences": [
    {
      "page": 53,
      "rect": [
        273.41998291015625,
        64.1409912109375,
        284.3110046386719,
        73.57098388671875
      ],
      "n_paths": 18
    },
    {
      "page": 52,
      "rect": [
        97.26100158691406,
        151.73699951171875,
        120.3550033569336,
        171.73300170898438
      ],
      "n_paths": 18
    }
  ]
}