{
  "name": "icon_940",
  "description": "Brake pad wear light",
  "def_page": 53,
  "n_occurrences": 1,
  "occurrences": [
    {
      "page": 53,
      "rect": [
        59.058998107910156,
        207.30999755859375,
        84.81399536132812,
        226.74099731445312
      ],
      "n_paths": 42
    }
  ]
}