{
  "name": "icon_927",
  "description": "Fiat code system failure light",
  "def_page": 50,
  "n_occurrences": 2,
  "occurrences": [
    {
      "page": 50,
      "rect": [
        95.81600189208984,
        154.39300537109375,
        121.80000305175781,
        173.4340057373047
      ],
      "n_paths": 80
    },
    {
      "page": 4,
      "rect": [
        244.49200439453125,
        132.19100952148438,
        258.0450134277344,
        142.12100219726562
      ],
      "n_paths": 80
    }
  ]
}