{
  "name": "icon_920",
  "description": "Injection/eobd system failure light, engine light",
  "def_page": 49,
  "n_occurrences": 4,
  "occurrences": [
    {
      "page": 49,
      "rect": [
        203.5360107421875,
        238.01100158691406,
        217.9870147705078,
        247.6060028076172
      ],
      "n_paths": 62
    },
    {
      "page": 49,
      "rect": [
        446.7809753417969,
        246.99099731445312,
        461.23199462890625,
        256.5849914550781
      ],
      "n_paths": 62
    },
    {
      "page": 81,
      "rect": [
        295.39599609375,
        207.28399658203125,
        309.8470153808594,
        216.87799072265625
      ],
      "n_paths": 62
    },
    {
      "page": 49,
      "rect": [
        59.30699920654297,
        107.4429931640625,
        84.60800170898438,
        124.2409896850586
      ],
      "n_paths": 62
    }
  ]
}