{
  "name": "icon_925",
  "description": "Hill holder system failure light",
  "def_page": 50,
  "n_occurrences": 1,
  "occurrences": [
    {
      "page": 50,
      "rect": [
        96.12000274658203,
        104.54601287841797,
        121.64900207519531,
        124.62801361083984
      ],
      "n_paths": 78
    }
  ]
}