{
  "name": "icon_933",
  "description": "start and stop system activation/deactivation light",
  "def_page": 57,
  "n_occurrences": 1,
  "occurrences": [
    {
      "page": 52,
      "rect": [
        347.27899169921875,
        131.62399291992188,
        355.6839904785156,
        141.0449981689453
      ],
      "n_paths": 91
    }
  ]
}