{
  "name": "icon_954",
  "description": "Left direction indicator light",
  "def_page": 56,
  "n_occurrences": 1,
  "occurrences": [
    {
      "page": 56,
      "rect": [
        98.68499755859375,
        283.948974609375,
        118.93000030517578,
        303.9440002441406
      ],
      "n_paths": 14
    }
  ]
}