{
  "name": "icon_970",
  "description": "iTPMS light",
  "def_page": 55,
  "n_occurrences": 2,
  "occurrences": [
    {
      "page": 61,
      "rect": [
        380.76800537109375,
        188.29100036621094,
        391.0630187988281,
        197.8260040283203
      ],
      "n_paths": 58
    },
    {
      "page": 55,
      "rect": [
        59.426002502441406,
        109.65200805664062,
        86.03900146484375,
        127.92800903320312
      ],
      "n_paths": 33
    }
  ]
}