{
  "name": "icon_969",
  "description": "Low brake fluid/handbrake engaged light",
  "def_page": 42,
  "n_occurrences": 2,
  "occurrences": [
    {
      "page": 61,
      "rect": [
        80.74800109863281,
        18.414012908935547,
        94.78099822998047,
        28.440011978149414
      ],
      "n_paths": 46
    },
    {
      "page": 42,
      "rect": [
        94.28999328613281,
        134.81898498535156,
        123.53299713134766,
        155.7139892578125
      ],
      "n_paths": 46
    }
  ]
}