{
  "name": "icon_144",
  "description": "car shaped button",
  "def_page": 11,
  "n_occurrences": 2,
  "occurrences": [
    {
      "page": 11,
      "rect": [
        237.71701049804688,
        150.48899841308594,
        258.2969970703125,
        160.25299072265625
      ],
      "n_paths": 35
    },
    {
      "page": 30,
      "rect": [
        263.4230041503906,
        239.1230010986328,
        284.00299072265625,
        248.88600158691406
      ],
      "n_paths": 35
    }
  ]
}