{
  "name": "icon_930",
  "description": "DPF cleaning (particulate trap) in progress light",
  "def_page": 51,
  "n_occurrences": 1,
  "occurrences": [
    {
      "page": 51,
      "rect": [
        53.82100296020508,
        81.23900604248047,
        90.09400177001953,
        117.51500701904297
      ],
      "n_paths": 4
    }
  ]
}