{
  "name": "icon_938",
  "description": "External light failure light",
  "def_page": 53,
  "n_occurrences": 1,
  "occurrences": [
    {
      "page": 53,
      "rect": [
        60.86459732055664,
        157.53500366210938,
        83.05000305175781,
        177.91900634765625
      ],
      "n_paths": 45
    }
  ]
}