{
  "name": "icon_945",
  "description": "Rear fog light",
  "def_page": 55,
  "n_occurrences": 2,
  "occurrences": [
    {
      "page": 55,
      "rect": [
        61.36399841308594,
        211.0989990234375,
        81.90899658203125,
        231.11900329589844
      ],
      "n_paths": 53
    },
    {
      "page": 20,
      "rect": [
        280.3949890136719,
        183.78201293945312,
        290.2539978027344,
        193.38900756835938
      ],
      "n_paths": 53
    }
  ]
}