{
  "name": "icon_946",
  "description": "Dualdrive electric power steering system light (CITY)",
  "def_page": 56,
  "n_occurrences": 1,
  "occurrences": [
    {
      "page": 56,
      "rect": [
        90.67100524902344,
        66.77098846435547,
        126.94300079345703,
        103.04598999023438
      ],
      "n_paths": 4
    }
  ]
}