{
  "name": "icon_956",
  "description": "Right direction indicator light",
  "def_page": 56,
  "n_occurrences": 3,
  "occurrences": [
    {
      "page": 56,
      "rect": [
        98.68499755859375,
        332.84197998046875,
        118.92900085449219,
        352.8370056152344
      ],
      "n_paths": 14
    },
    {
      "page": 90,
      "rect": [
        288.88800048828125,
        240.3949737548828,
        302.83099365234375,
        254.2849884033203
      ],
      "n_paths": 4
    },
    {
      "page": 93,
      "rect": [
        57.845001220703125,
        291.8269958496094,
        66.5999984741211,
        301.4200134277344
      ],
      "n_paths": 19
    }
  ]
}