{
  "name": "icon_986",
  "description": "Seat belts not fastened light",
  "def_page": 42,
  "n_occurrences": 4,
  "occurrences": [
    {
      "page": 64,
      "rect": [
        402.9849853515625,
        83.49299621582031,
        411.24798583984375,
        93.1719970703125
      ],
      "n_paths": 43
    },
    {
      "page": 75,
      "rect": [
        46.72599792480469,
        143.10299682617188,
        56.12799835205078,
        152.37400817871094
      ],
      "n_paths": 70
    },
    {
      "page": 75,
      "rect": [
        212.5780029296875,
        96.85001373291016,
        221.97999572753906,
        106.12200927734375
      ],
      "n_paths": 70
    },
    {
      "page": 41,
      "rect": [
        62.31200408935547,
        250.86801147460938,
        81.6030044555664,
        273.4630126953125
      ],
      "n_paths": 43
    }
  ]
}
