{
  "name": "icon_910",
  "description": "Dualdrive electric power steering system failure light",
  "def_page": 44,
  "n_occurrences": 1,
  "occurrences": [
    {
      "page": 44,
      "rect": [
        98.31300354003906,
        111.78399658203125,
        114.5790023803711,
        128.09500122070312
      ],
      "n_paths": 43
    }
  ]
}
