{
  "name": "icon_909",
  "description": "Low battery charge light",
  "def_page": 44,
  "n_occurrences": 1,
  "occurrences": [
    {
      "page": 44,
      "rect": [
        90.6709976196289,
        46.81499481201172,
        126.94599914550781,
        83.08999633789062
      ],
      "n_paths": 4
    }
  ]
}
