{
  "name": "icon_915",
  "description": "ABS failure light",
  "def_page": 48,
  "n_occurrences": 1,
  "occurrences": [
    {
      "page": 48,
      "rect": [
        96.4280014038086,
        81.74601745605469,
        120.13299560546875,
        99.04701232910156
      ],
      "n_paths": 93
    }
    
  ]
}
