{
  "name": "icon_950",
  "description": "Front fog light",
  "def_page": 56,
  "n_occurrences": 1,
  "occurrences": [
    {
      "page": 56,
      "rect": [
        96.41300201416016,
        174.06300354003906,
        120.83100128173828,
        194.18299865722656
      ],
      "n_paths": 55
    }
  ]
}
