{
  "name": "icon_1289",
  "description": "Air bag failure light",
  "def_page": 43,
  "n_occurrences": 2,
  "occurrences": [
    {
      "page": 79,
      "rect": [
        69.69999694824219,
        192.31700134277344,
        80.49500274658203,
        201.91099548339844
      ],
      "n_paths": 38
    },
    {
      "page": 43,
      "rect": [
        60.71000289916992,
        148.25001525878906,
        83.20500183105469,
        168.24501037597656
      ],
      "n_paths": 38
    }
  ]
}
