{
  "name": "icon_948",
  "description": "Cruise control light",
  "def_page": 56,
  "n_occurrences": 1,
  "occurrences": [
    {
      "page": 56,
      "rect": [
        97.38800048828125,
        124.79199981689453,
        120.22799682617188,
        144.80599975585938
      ],
      "n_paths": 53
    }
  ]
}
