{
  "name": "icon_921",
  "description": "ESC system failure light",
  "def_page": 50,
  "n_occurrences": 2,
  "occurrences": [
    {
      "page": 50,
      "rect": [
        90.6709976196289,
        46.81499481201172,
        126.94599914550781,
        83.08999633789062
      ],
      "n_paths": 4
    },
    {
      "page": 50,
      "rect": [
        103.10399627685547,
        58.864009857177734,
        115.3759994506836,
        65.35001373291016
      ],
      "n_paths": 11
    }
  ]
}
