{
  "name": "icon_941",
  "description": "Fuel reserve light",
  "def_page": 53,
  "n_occurrences": 1,
  "occurrences": [
    {
      "page": 53,
      "rect": [
        53.81999969482422,
        251.98699951171875,
        90.09500122070312,
        288.2619934082031
      ],
      "n_paths": 4
    }
  ]
}
