{
  "name": "icon_911",
  "description": "Insufficient engine oil/pressure light",
  "def_page": 44,
  "n_occurrences": 2,
  "occurrences": [
    {
      "page": 44,
      "rect": [
        90.6709976196289,
        159.06800842285156,
        126.94599914550781,
        195.34300231933594
      ],
      "n_paths": 4
    },
    {
      "page": 45,
      "rect": [
        53.81999969482422,
        120.65299987792969,
        90.09500122070312,
        156.927001953125
      ],
      "n_paths": 4
    }
  ]
}
