{
  "name": "icon_904",
  "description": "EBD failure light",
  "def_page": 43,
  "n_occurrences": 3,
  "occurrences": [
    {
      "page": 43,
      "rect": [
        192.1859893798828,
        69.79700469970703,
        205.72698974609375,
        79.68000030517578
      ],
      "n_paths": 93
    },
    {
      "page": 43,
      "rect": [
        53.81999969482422,
        89.22198486328125,
        90.09500122070312,
        125.49798583984375
      ],
      "n_paths": 4
    },
    {
      "page": 43,
      "rect": [
        53.81999969482422,
        46.31700897216797,
        90.09500122070312,
        82.59201049804688
      ],
      "n_paths": 4
    }
  ]
}
