{
  "name": "icon_142",
  "description": "unlock button",
  "def_page": 11,
  "n_occurrences": 3,
  "occurrences": [
    {
      "page": 11,
      "rect": [
        274.9219970703125,
        17.29900360107422,
        282.1889953613281,
        29.29100227355957
      ],
      "n_paths": 24
    },
    {
      "page": 13,
      "rect": [
        429.3110046386719,
        240.17098999023438,
        436.5780029296875,
        252.16299438476562
      ],
      "n_paths": 24
    },
    {
      "page": 14,
      "rect": [
        66.60900115966797,
        127.05799865722656,
        73.8759994506836,
        139.0500030517578
      ],
      "n_paths": 24
    }
  ]
}
