{
  "name": "icon_184",
  "description": "lock button",
  "def_page": 14,
  "n_occurrences": 3,
  "occurrences": [
    {
      "page": 14,
      "rect": [
        81.24099731445312,
        51.785003662109375,
        88.50900268554688,
        62.2180061340332
      ],
      "n_paths": 24
    },
    {
      "page": 11,
      "rect": [
        274.9219970703125,
        84.71200561523438,
        282.19000244140625,
        95.14500427246094
      ],
      "n_paths": 24
    },
    {
      "page": 13,
      "rect": [
        457.4309997558594,
        164.90000915527344,
        464.6990051269531,
        175.33200073242188
      ],
      "n_paths": 24
    }
  ]
}
