{
  "name": "icon_912",
  "description": "engine coolant temperature too high",
  "def_page": 46,
  "n_occurrences": 1,
  "occurrences": [
    {
      "page": 46,
      "rect": [
        90.6709976196289,
        105.31199645996094,
        126.94599914550781,
        141.58599853515625
      ],
      "n_paths": 4
    }
  ]
}
