{
  "name": "icon_957",
  "description": "Main beam headlights light",
  "def_page": 57,
  "n_occurrences": 4,
  "occurrences": [
    {
      "page": 57,
      "rect": [
        59.887001037597656,
        64.4780044555664,
        84.26100158691406,
        79.92300415039062
      ],
      "n_paths": 42
    },
    {
      "page": 19,
      "rect": [
        400.344970703125,
        67.135986328125,
        415.73199462890625,
        76.885986328125
      ],
      "n_paths": 42
    },
    {
      "page": 19,
      "rect": [
        197.8990020751953,
        330.6000061035156,
        213.28599548339844,
        340.3500061035156
      ],
      "n_paths": 42
    },
    {
      "page": 19,
      "rect": [
        214.86700439453125,
        253.77101135253906,
        230.25399780273438,
        263.52001953125
      ],
      "n_paths": 42
    }
  ]
}
