{
  "name": "icon_894",
  "description": "Menu symbol",
  "def_page": 41,
  "n_occurrences": 4,
  "occurrences": [
    {
      "page": 41,
      "rect": [
        457.1929931640625,
        139.24398803710938,
        470.3789978027344,
        145.79598999023438
      ],
      "n_paths": 16
    },
    {
      "page": 62,
      "rect": [
        147.82701110839844,
        259.97698974609375,
        161.0120086669922,
        266.52899169921875
      ],
      "n_paths": 16
    },
    {
      "page": 75,
      "rect": [
        110.97699737548828,
        230.7239990234375,
        124.16200256347656,
        237.2760009765625
      ],
      "n_paths": 16
    },
    {
      "page": 164,
      "rect": [
        119.63099670410156,
        204.0959930419922,
        132.81700134277344,
        210.64698791503906
      ],
      "n_paths": 16
    }
  ]
}
