{
  "name": "icon_897",
  "description": "doors/bonnet/luggage compartment open",
  "def_page": 42,
  "n_occurrences": 1,
  "occurrences": [
    {
      "page": 42,
      "rect": [
        90.67100524902344,
        46.81499481201172,
        126.94400024414062,
        83.08999633789062
      ],
      "n_paths": 4
    }
  ]
}
